OrderID,OrderDate,Region,Category,Product,Quantity,UnitPrice,Discount,Sales,COGS,Profit
1,2023-09-07,East,Office Supplies,Desk,14,1553.85,0.25,16315.42,12099.98,4215.44
2,2022-10-24,West,Electronics,Laptop,19,1883.06,0.15,30411.42,26243.6,4167.82
3,2022-11-20,North,Electronics,Monitor,15,154.11,0.12,2034.25,1211.48,822.77
4,2022-05-18,East,Office Supplies,Monitor,18,1073.14,0.14,16612.21,11426.82,5185.39
5,2023-11-02,East,Electronics,Printer,2,1766.24,0.07,3285.21,2234.55,1050.66
6,2022-03-29,West,Office Supplies,Desk,17,174.19,0.27,2161.7,1489.82,671.88
7,2022-04-25,North,Furniture,Paper,18,1650.78,0.14,25554.07,19140.2,6413.87
8,2023-11-22,North,Electronics,Printer,6,722.02,0.26,3205.77,2205.24,1000.53
9,2023-03-08,East,Furniture,Desk,19,650.97,0.03,11997.38,8146.07,3851.31
10,2023-07-25,South,Office Supplies,Printer,4,1955.16,0.3,5474.45,3775.81,1698.64
11,2022-06-17,East,Furniture,Paper,1,409.71,0.13,356.45,262.47,93.98
12,2022-12-10,East,Furniture,Chair,8,1389.46,0.01,11004.52,7866.06,3138.46
13,2023-01-11,East,Office Supplies,Chair,7,1644.67,0.01,11397.56,9592.81,1804.75
14,2022-05-10,East,Furniture,Chair,3,91.96,0.22,215.19,111.86,103.33
15,2023-04-25,West,Furniture,Chair,10,1344.07,0.2,10752.56,8960.4,1792.16
16,2022-10-17,North,Office Supplies,Pen,10,1903.58,0.24,14467.21,12117.3,2349.91
17,2023-05-10,West,Furniture,Laptop,19,257.2,0.03,4740.2,2910.31,1829.89
18,2022-03-04,West,Office Supplies,Pen,14,1793.48,0.01,24857.63,17030.98,7826.65
19,2022-02-14,West,Furniture,Pen,2,1193.61,0.15,2029.14,1370.51,658.63
20,2023-04-03,East,Office Supplies,Pen,1,1237.04,0.12,1088.6,639.45,449.15
21,2023-08-30,South,Office Supplies,Chair,18,1229.76,0.14,19036.68,12539.82,6496.86
22,2023-07-23,North,Furniture,Paper,7,604.68,0.3,2962.93,1534.07,1428.86
23,2023-04-08,South,Furniture,Monitor,8,1871.05,0.29,10627.56,6494.81,4132.75
24,2022-06-22,West,Furniture,Monitor,1,1895.23,0.28,1364.57,1128.05,236.52
25,2023-05-18,West,Electronics,Laptop,3,1254.36,0.24,2859.94,1755.5,1104.44
26,2022-07-11,South,Electronics,Chair,8,1569.01,0.11,11171.35,9241.86,1929.49
27,2023-05-13,South,Electronics,Chair,15,1228.39,0.12,16214.75,11555.28,4659.47
28,2022-05-20,South,Office Supplies,Chair,5,973.95,0.16,4090.59,3484.96,605.63
29,2023-01-23,West,Furniture,Printer,3,1325.03,0.25,2981.32,2176.1,805.22
30,2022-02-17,West,Office Supplies,Desk,19,1110.47,0.02,20676.95,10583.85,10093.1
31,2023-05-17,North,Electronics,Printer,1,1198.98,0.13,1043.11,803.37,239.74
32,2022-02-16,North,Furniture,Desk,15,1569.83,0.02,23076.5,11952.28,11124.22
33,2022-10-27,West,Office Supplies,Chair,8,967.0,0.15,6575.6,4472.98,2102.62
34,2023-01-09,South,Furniture,Chair,2,91.1,0.27,133.01,115.95,17.06
35,2022-12-18,South,Office Supplies,Printer,3,336.36,0.23,776.99,439.84,337.15
36,2022-02-17,North,Furniture,Printer,14,882.83,0.07,11494.45,7539.77,3954.68
37,2022-02-25,West,Electronics,Desk,14,1452.4,0.29,14436.86,11433.19,3003.67
38,2022-05-09,North,Electronics,Monitor,11,1190.62,0.2,10477.46,8936.26,1541.2
39,2022-09-17,North,Furniture,Desk,16,1304.09,0.0,20865.44,16032.53,4832.91
40,2022-12-20,East,Office Supplies,Printer,4,963.77,0.08,3546.67,2139.6,1407.07
41,2022-05-26,East,Electronics,Paper,5,1235.33,0.08,5682.52,4374.65,1307.87
42,2023-01-23,East,Electronics,Printer,14,664.74,0.02,9120.23,5642.6,3477.63
43,2023-02-22,South,Electronics,Paper,16,945.66,0.29,10742.7,8458.5,2284.2
44,2023-01-08,West,Furniture,Laptop,18,1491.12,0.14,23082.54,20349.87,2732.67
45,2023-07-29,West,Furniture,Printer,7,1744.95,0.27,8916.69,7031.32,1885.37
46,2022-03-24,West,Office Supplies,Laptop,10,872.97,0.1,7856.73,6640.13,1216.6
47,2022-12-13,West,Office Supplies,Monitor,7,96.89,0.04,651.1,326.1,325.0
48,2023-09-20,East,Office Supplies,Desk,1,331.73,0.14,285.29,224.53,60.76
49,2023-06-04,South,Furniture,Paper,19,51.51,0.03,949.33,789.69,159.64
50,2022-10-03,South,Furniture,Desk,16,1309.99,0.15,17815.86,9196.97,8618.89
51,2022-12-26,East,Office Supplies,Laptop,19,671.31,0.28,9183.52,7793.49,1390.03
52,2022-11-04,South,Office Supplies,Paper,4,1089.53,0.16,3660.82,2206.29,1454.53
53,2022-09-25,East,Furniture,Desk,18,991.62,0.18,14636.31,11213.12,3423.19
54,2022-10-08,West,Office Supplies,Printer,2,172.24,0.05,327.26,268.4,58.86
55,2023-12-26,East,Electronics,Chair,1,812.49,0.01,804.37,615.4,188.97
56,2023-01-25,West,Furniture,Laptop,15,448.92,0.03,6531.79,3507.01,3024.78
57,2023-11-24,West,Office Supplies,Desk,5,842.62,0.18,3454.74,2551.42,903.32
58,2023-12-30,North,Furniture,Laptop,11,415.12,0.03,4429.33,3188.38,1240.95
59,2022-07-24,East,Electronics,Pen,10,1682.5,0.11,14974.25,12879.78,2094.47
60,2023-09-09,North,Furniture,Laptop,2,356.64,0.17,592.02,391.74,200.28
61,2022-11-08,East,Furniture,Paper,3,1921.95,0.12,5073.95,3188.63,1885.32
62,2022-07-23,East,Furniture,Pen,12,837.66,0.05,9549.32,7638.89,1910.43
63,2022-04-16,North,Furniture,Paper,5,1694.03,0.08,7792.54,5182.59,2609.95
64,2024-01-01,North,Electronics,Chair,5,1261.24,0.28,4540.46,3443.66,1096.8
65,2022-01-07,East,Furniture,Pen,6,1473.35,0.2,7072.08,5364.74,1707.34
66,2022-02-08,South,Furniture,Printer,9,1537.77,0.15,11763.94,10060.71,1703.23
67,2022-12-31,West,Office Supplies,Laptop,2,1014.64,0.0,2029.28,1500.61,528.67
68,2022-04-25,North,Furniture,Desk,12,1091.17,0.3,9165.83,6423.98,2741.85
69,2023-11-22,West,Office Supplies,Monitor,3,1032.85,0.2,2478.84,1377.12,1101.72
70,2022-09-29,South,Electronics,Laptop,12,1180.24,0.1,12746.59,6963.4,5783.19
71,2023-12-10,South,Electronics,Laptop,17,68.49,0.26,861.6,483.99,377.61
72,2023-05-13,South,Electronics,Chair,10,797.08,0.08,7333.14,4170.65,3162.49
73,2023-08-10,North,Electronics,Printer,14,1216.32,0.16,14303.92,10801.62,3502.3
74,2022-11-20,South,Office Supplies,Monitor,17,1199.47,0.19,16516.7,13153.78,3362.92
75,2022-05-11,North,Furniture,Pen,18,1587.98,0.07,26582.79,18926.86,7655.93
76,2023-10-13,South,Electronics,Pen,19,1313.47,0.29,17718.71,14735.0,2983.71
77,2022-02-06,West,Furniture,Pen,17,1984.35,0.22,26312.48,23589.28,2723.2
78,2022-08-05,West,Office Supplies,Paper,14,574.87,0.17,6679.99,5531.07,1148.92
79,2023-07-23,East,Office Supplies,Paper,9,724.71,0.05,6196.27,4820.41,1375.86
80,2023-03-28,West,Office Supplies,Desk,8,773.86,0.02,6067.06,4325.8,1741.26
81,2023-02-09,East,Electronics,Monitor,2,936.97,0.1,1686.55,1146.08,540.47
82,2022-07-26,West,Furniture,Pen,13,1673.64,0.23,16753.14,8942.1,7811.04
83,2023-05-20,North,Furniture,Paper,7,479.23,0.08,3086.24,2036.14,1050.1
84,2022-06-10,West,Furniture,Desk,9,1554.24,0.16,11750.05,10152.68,1597.37
85,2023-05-09,East,Office Supplies,Printer,11,816.57,0.22,7006.17,5767.54,1238.63
86,2022-11-22,East,Electronics,Desk,14,1207.69,0.03,16400.43,9617.55,6782.88
87,2023-02-25,South,Office Supplies,Paper,4,1268.76,0.21,4009.28,2752.94,1256.34
88,2022-12-14,North,Office Supplies,Chair,13,751.97,0.03,9482.34,7838.95,1643.39
89,2023-08-23,West,Furniture,Chair,2,1030.1,0.29,1462.74,770.8,691.94
90,2023-11-18,South,Office Supplies,Pen,5,831.93,0.15,3535.7,2315.73,1219.97
91,2023-02-09,West,Furniture,Chair,11,147.57,0.05,1542.11,1296.51,245.6
92,2022-12-21,West,Electronics,Pen,6,879.96,0.1,4751.78,3143.58,1608.2
93,2022-12-23,South,Furniture,Pen,18,203.81,0.12,3228.35,1714.4,1513.95
94,2023-04-15,South,Electronics,Paper,10,815.99,0.23,6283.12,4505.08,1778.04
95,2022-03-01,South,Furniture,Chair,4,1189.91,0.22,3712.52,3135.95,576.57
96,2022-06-26,South,Office Supplies,Pen,9,1163.04,0.18,8583.24,6318.24,2265.0
97,2023-10-16,South,Office Supplies,Monitor,6,1328.62,0.03,7732.57,4566.17,3166.4
98,2022-08-12,West,Electronics,Printer,2,199.57,0.05,379.18,247.87,131.31
99,2022-03-05,South,Electronics,Desk,17,1307.73,0.03,21564.47,14664.9,6899.57
100,2022-04-12,North,Electronics,Desk,5,631.17,0.17,2619.36,1916.6,702.76
101,2023-05-11,East,Furniture,Paper,6,804.1,0.26,3570.2,2869.51,700.69
102,2023-06-05,South,Furniture,Chair,12,1717.39,0.13,17929.55,9673.88,8255.67
103,2023-11-22,South,Electronics,Chair,10,27.97,0.05,265.71,227.41,38.3
104,2022-12-21,West,Office Supplies,Pen,6,1180.94,0.17,5881.08,2969.5,2911.58
105,2023-06-21,South,Furniture,Laptop,8,1201.44,0.24,7304.76,4733.64,2571.12
106,2023-03-29,South,Furniture,Pen,2,799.35,0.22,1246.99,637.17,609.82
107,2023-11-10,South,Furniture,Printer,12,481.69,0.26,4277.41,2811.07,1466.34
108,2023-04-17,West,Electronics,Monitor,13,477.0,0.08,5704.92,4052.35,1652.57
109,2022-06-01,South,Electronics,Desk,7,1768.58,0.06,11637.26,8200.46,3436.8
110,2023-07-14,East,Electronics,Pen,10,889.63,0.26,6583.26,3727.78,2855.48
111,2022-10-09,West,Electronics,Laptop,13,668.47,0.2,6952.09,5271.74,1680.35
112,2022-10-11,East,Electronics,Laptop,17,903.07,0.09,13970.49,7235.48,6735.01
113,2022-10-10,West,Office Supplies,Pen,14,1342.09,0.22,14655.62,11794.3,2861.32
114,2022-07-23,South,Office Supplies,Paper,2,300.06,0.24,456.09,400.75,55.34
115,2023-09-14,East,Electronics,Desk,11,904.37,0.18,8157.42,5187.36,2970.06
116,2022-10-29,West,Furniture,Paper,1,1179.89,0.21,932.11,658.9,273.21
117,2023-08-31,North,Electronics,Monitor,19,1897.68,0.11,32089.77,20908.54,11181.23
118,2023-06-28,South,Office Supplies,Laptop,4,512.53,0.16,1722.1,865.67,856.43
119,2023-12-11,West,Office Supplies,Laptop,19,724.91,0.16,11569.56,7570.54,3999.02
120,2023-01-19,North,Furniture,Printer,11,764.92,0.25,6310.59,5153.78,1156.81
121,2023-12-29,West,Office Supplies,Monitor,8,1215.02,0.25,7290.12,5382.99,1907.13
122,2023-05-04,North,Electronics,Laptop,11,719.9,0.25,5939.17,3210.14,2729.03
123,2023-12-30,South,Furniture,Monitor,4,1071.69,0.0,4286.76,3595.97,690.79
124,2023-11-03,East,Electronics,Desk,17,1565.76,0.22,20761.98,14791.54,5970.44
125,2022-09-10,North,Electronics,Chair,7,1413.72,0.23,7619.95,6375.53,1244.42
126,2023-08-04,West,Furniture,Laptop,8,898.27,0.2,5748.93,4208.73,1540.2
127,2022-10-23,South,Electronics,Printer,3,1729.79,0.23,3995.81,2892.47,1103.34
128,2023-06-11,North,Office Supplies,Desk,2,1120.7,0.25,1681.05,911.3,769.75
129,2023-12-28,West,Electronics,Pen,15,1084.41,0.14,13988.89,7930.92,6057.97
130,2023-06-22,West,Furniture,Monitor,5,78.03,0.15,331.63,294.76,36.87
131,2023-04-16,West,Furniture,Pen,1,1973.52,0.04,1894.58,1120.44,774.14
132,2023-11-28,North,Furniture,Paper,4,254.71,0.12,896.58,798.84,97.74
133,2023-08-26,North,Electronics,Desk,15,469.95,0.19,5709.89,4069.81,1640.08
134,2023-09-30,North,Furniture,Pen,19,112.88,0.23,1651.43,915.41,736.02
135,2022-06-04,East,Furniture,Laptop,3,1283.61,0.07,3581.27,1932.89,1648.38
136,2023-04-29,North,Electronics,Monitor,11,457.16,0.04,4827.61,2817.13,2010.48
137,2022-06-12,North,Office Supplies,Chair,17,368.22,0.2,5007.79,4358.05,649.74
138,2022-06-13,North,Electronics,Desk,13,186.23,0.0,2420.99,1611.56,809.43
139,2023-02-28,East,Furniture,Laptop,11,215.58,0.05,2252.81,1482.74,770.07
140,2023-02-02,North,Furniture,Printer,2,1173.49,0.01,2323.51,1452.85,870.66
141,2022-06-26,West,Electronics,Paper,9,1379.53,0.05,11794.98,6591.33,5203.65
142,2022-02-05,North,Office Supplies,Monitor,2,800.78,0.05,1521.48,1057.64,463.84
143,2022-07-28,West,Furniture,Desk,9,965.0,0.12,7642.8,4218.97,3423.83
144,2023-04-12,West,Furniture,Desk,9,1375.08,0.12,10890.63,9084.88,1805.75
145,2023-05-08,West,Furniture,Chair,8,44.59,0.26,263.97,171.09,92.88
146,2022-08-23,East,Electronics,Chair,17,653.03,0.15,9436.28,6132.84,3303.44
147,2023-12-15,East,Furniture,Printer,1,1946.46,0.22,1518.24,1046.98,471.26
148,2022-02-07,East,Office Supplies,Paper,11,1164.42,0.03,12424.36,8419.38,4004.98
149,2023-11-03,North,Furniture,Printer,8,515.91,0.07,3838.37,3446.64,391.73
150,2023-07-07,West,Furniture,Laptop,10,1048.24,0.21,8281.1,5947.09,2334.01
151,2022-06-10,East,Office Supplies,Laptop,7,691.88,0.02,4746.3,2540.6,2205.7
152,2022-03-04,East,Furniture,Printer,3,1069.17,0.15,2726.38,2025.02,701.36
153,2023-10-12,North,Electronics,Paper,3,260.23,0.18,640.17,358.9,281.27
154,2023-10-19,East,Electronics,Printer,18,274.1,0.18,4045.72,2072.93,1972.79
155,2022-06-06,North,Electronics,Paper,5,295.65,0.01,1463.47,1300.0,163.47
156,2022-10-21,South,Office Supplies,Paper,12,1880.24,0.1,20306.59,16436.47,3870.12
157,2023-12-09,East,Furniture,Pen,12,1468.47,0.19,14273.53,12732.61,1540.92
158,2023-06-19,South,Electronics,Monitor,19,333.14,0.04,6076.47,4199.76,1876.71
159,2023-07-26,North,Office Supplies,Paper,6,384.81,0.21,1824.0,1300.34,523.66
160,2022-02-28,West,Furniture,Chair,2,1464.35,0.22,2284.39,1296.01,988.38
161,2022-06-13,East,Office Supplies,Paper,12,320.77,0.29,2732.96,1636.4,1096.56
162,2023-02-22,North,Electronics,Paper,19,476.78,0.06,8515.29,7113.84,1401.45
163,2022-07-11,West,Electronics,Paper,5,1927.06,0.25,7226.48,4642.83,2583.65
164,2022-09-23,West,Electronics,Pen,12,518.06,0.16,5222.04,4338.08,883.96
165,2022-08-09,South,Office Supplies,Pen,17,1326.65,0.11,20072.21,15728.69,4343.52
166,2023-07-01,North,Office Supplies,Laptop,17,1957.48,0.04,31946.07,18237.0,13709.07
167,2023-07-24,West,Electronics,Pen,10,754.85,0.22,5887.83,4139.02,1748.81
168,2022-06-09,East,Office Supplies,Chair,17,44.86,0.07,709.24,546.79,162.45
169,2023-09-11,East,Electronics,Chair,15,495.85,0.11,6619.6,3932.14,2687.46
170,2022-06-07,South,Electronics,Pen,12,1663.45,0.02,19562.17,16281.11,3281.06
171,2023-09-24,West,Furniture,Printer,16,1730.57,0.24,21043.73,15107.95,5935.78
172,2023-01-30,North,Office Supplies,Monitor,19,1539.35,0.23,22520.69,12748.89,9771.8
173,2022-02-03,East,Electronics,Pen,8,235.09,0.22,1466.96,1075.57,391.39
174,2022-09-22,West,Electronics,Paper,17,1593.07,0.09,24644.79,22177.49,2467.3
175,2022-04-13,West,Office Supplies,Desk,5,1838.17,0.05,8731.31,4891.35,3839.96
176,2023-11-01,South,Furniture,Monitor,16,1205.21,0.19,15619.52,12912.7,2706.82
177,2022-06-13,East,Furniture,Monitor,6,1882.34,0.15,9599.93,5596.03,4003.9
178,2023-08-13,East,Electronics,Chair,8,1655.41,0.05,12581.12,10227.89,2353.23
179,2023-10-23,North,Office Supplies,Monitor,18,1337.27,0.21,19015.98,15095.48,3920.5
180,2022-10-05,East,Furniture,Pen,12,1158.6,0.3,9732.24,6035.89,3696.35
181,2023-01-23,North,Office Supplies,Paper,15,703.66,0.22,8232.82,5189.39,3043.43
182,2023-09-29,East,Office Supplies,Paper,9,326.98,0.22,2295.4,1875.36,420.04
183,2022-08-25,South,Electronics,Laptop,13,1213.86,0.29,11203.93,7669.97,3533.96
184,2022-01-21,East,Furniture,Paper,15,643.04,0.06,9066.86,7183.92,1882.94
185,2023-05-09,North,Electronics,Paper,10,1734.21,0.17,14393.94,8049.0,6344.94
186,2023-06-17,North,Furniture,Chair,16,1986.74,0.29,22569.37,18981.36,3588.01
187,2023-07-25,South,Furniture,Paper,7,1507.33,0.05,10023.74,7862.16,2161.58
188,2023-08-28,East,Furniture,Laptop,17,190.06,0.21,2552.51,2202.25,350.26
189,2023-11-06,East,Furniture,Desk,7,584.48,0.18,3354.92,1855.1,1499.82
190,2022-02-21,South,Furniture,Pen,14,227.13,0.18,2607.45,1922.23,685.22
191,2023-05-13,East,Office Supplies,Chair,15,1304.52,0.21,15458.56,11433.9,4024.66
192,2023-08-01,East,Electronics,Desk,7,1532.73,0.28,7724.96,4954.67,2770.29
193,2022-06-07,North,Office Supplies,Chair,9,1852.09,0.23,12834.98,8771.25,4063.73
194,2023-02-03,East,Furniture,Printer,19,881.96,0.02,16422.1,8460.54,7961.56
195,2022-08-18,East,Electronics,Monitor,16,1803.74,0.26,21356.28,17049.66,4306.62
196,2022-01-13,South,Furniture,Printer,8,1757.0,0.07,13072.08,9408.35,3663.73
197,2022-03-12,South,Electronics,Paper,18,641.22,0.11,10272.34,5373.42,4898.92
198,2022-02-20,West,Office Supplies,Desk,18,1739.11,0.14,26921.42,20791.48,6129.94
199,2022-11-29,North,Electronics,Paper,7,757.59,0.14,4560.69,3131.88,1428.81
200,2023-02-04,East,Electronics,Monitor,3,600.77,0.13,1568.01,805.62,762.39
201,2023-02-12,East,Electronics,Chair,18,1301.66,0.28,16869.51,14977.48,1892.03
202,2022-11-01,West,Electronics,Monitor,10,663.48,0.21,5241.49,4610.65,630.84
203,2023-09-20,East,Electronics,Laptop,7,1264.12,0.19,7167.56,5054.28,2113.28
204,2022-03-13,North,Furniture,Monitor,17,1223.57,0.01,20592.68,11067.93,9524.75
205,2022-04-20,West,Electronics,Laptop,14,1131.24,0.27,11561.27,9270.39,2290.88
206,2023-12-30,North,Electronics,Monitor,3,767.04,0.27,1679.82,1170.45,509.37
207,2023-04-06,West,Office Supplies,Pen,12,1101.51,0.23,10177.95,6320.29,3857.66
208,2023-05-04,West,Electronics,Laptop,13,1197.01,0.0,15561.13,10839.37,4721.76
209,2022-10-14,South,Office Supplies,Desk,2,1095.92,0.02,2148.0,1522.88,625.12
210,2022-12-26,North,Furniture,Paper,3,894.39,0.07,2495.35,1809.34,686.01
211,2022-02-06,East,Electronics,Paper,5,39.19,0.04,188.11,127.25,60.86
212,2023-05-11,East,Office Supplies,Printer,11,1178.25,0.12,11405.46,8466.3,2939.16
213,2022-07-31,North,Office Supplies,Paper,8,345.2,0.28,1988.35,1724.88,263.47
214,2023-05-26,East,Furniture,Chair,12,1288.73,0.14,13299.69,8577.07,4722.62
215,2022-01-29,East,Electronics,Pen,7,1521.1,0.0,10647.7,8414.73,2232.97
216,2023-04-19,North,Electronics,Monitor,15,1005.89,0.08,13881.28,11907.1,1974.18
217,2023-03-10,West,Office Supplies,Printer,17,1089.3,0.01,18332.92,12510.23,5822.69
218,2023-05-24,North,Electronics,Chair,4,1903.44,0.01,7537.62,5105.85,2431.77
219,2023-03-02,West,Office Supplies,Chair,13,1695.86,0.08,20282.49,15026.22,5256.27
220,2022-08-23,East,Electronics,Laptop,18,1829.33,0.08,30293.7,22313.21,7980.49
221,2022-07-16,East,Office Supplies,Paper,1,1629.39,0.24,1238.34,1018.7,219.64
222,2023-02-16,East,Electronics,Desk,16,226.75,0.29,2575.88,1778.89,796.99
223,2022-01-19,South,Furniture,Desk,13,306.49,0.11,3546.09,3185.98,360.11
224,2023-10-29,West,Electronics,Printer,10,1057.98,0.13,9204.43,4821.18,4383.25
225,2023-02-01,South,Electronics,Pen,12,499.68,0.25,4497.12,2254.26,2242.86
226,2023-03-02,South,Furniture,Desk,2,958.62,0.08,1763.86,1333.62,430.24
227,2023-06-17,North,Electronics,Monitor,3,794.79,0.05,2265.15,1402.97,862.18
228,2023-12-24,South,Furniture,Desk,10,1103.33,0.26,8164.64,4867.37,3297.27
229,2022-05-11,North,Electronics,Printer,2,1496.28,0.01,2962.63,1850.93,1111.7
230,2022-10-17,North,Office Supplies,Desk,13,1433.83,0.19,15098.23,9095.46,6002.77
231,2023-01-22,South,Office Supplies,Monitor,13,1047.26,0.17,11299.94,5789.14,5510.8
232,2023-02-24,West,Electronics,Laptop,18,1646.56,0.1,26674.27,23703.11,2971.16
233,2022-07-30,West,Electronics,Pen,3,867.42,0.09,2368.06,1393.13,974.93
234,2023-07-26,West,Electronics,Printer,7,1794.46,0.23,9672.14,7675.93,1996.21
235,2022-03-25,West,Office Supplies,Laptop,14,151.85,0.03,2062.12,1660.09,402.03
236,2023-08-22,West,Electronics,Laptop,17,1909.77,0.07,30193.46,26319.73,3873.73
237,2022-12-20,South,Office Supplies,Laptop,12,1312.84,0.22,12288.18,6294.25,5993.93
238,2023-12-14,South,Furniture,Chair,16,766.35,0.16,10299.74,8742.62,1557.12
239,2022-10-11,East,Office Supplies,Pen,12,402.34,0.04,4634.96,3294.95,1340.01
240,2023-10-06,West,Office Supplies,Paper,15,963.57,0.26,10695.63,8054.0,2641.63
241,2022-08-03,South,Furniture,Pen,10,397.17,0.12,3495.1,2648.55,846.55
242,2023-02-21,East,Office Supplies,Chair,7,341.0,0.25,1790.25,1482.18,308.07
243,2023-04-06,West,Electronics,Paper,5,1238.53,0.24,4706.41,2980.87,1725.54
244,2022-02-24,North,Electronics,Pen,1,1050.94,0.19,851.26,675.24,176.02
245,2023-01-10,East,Office Supplies,Laptop,17,1343.49,0.15,19413.43,13811.32,5602.11
246,2022-08-18,South,Electronics,Printer,3,1859.92,0.29,3961.63,3238.07,723.56
247,2023-01-02,North,Office Supplies,Paper,13,1069.2,0.04,13343.62,11958.8,1384.82
248,2022-08-15,North,Electronics,Monitor,14,1166.05,0.22,12733.27,7388.61,5344.66
249,2023-03-06,North,Electronics,Monitor,18,188.36,0.06,3187.05,2861.52,325.53
250,2023-11-24,East,Office Supplies,Desk,4,1438.1,0.1,5177.16,2774.57,2402.59
251,2023-04-10,South,Electronics,Paper,18,805.81,0.09,13199.17,6611.82,6587.35
252,2022-07-10,North,Office Supplies,Printer,5,1953.68,0.28,7033.25,3640.87,3392.38
253,2022-02-03,West,Electronics,Chair,16,1648.12,0.29,18722.64,11920.95,6801.69
254,2022-09-30,North,Electronics,Laptop,1,1049.74,0.05,997.25,751.09,246.16
255,2023-08-02,North,Furniture,Desk,14,255.21,0.01,3537.21,1866.27,1670.94
256,2023-06-19,East,Furniture,Monitor,15,1720.24,0.22,20126.81,10109.02,10017.79
257,2023-06-18,East,Office Supplies,Chair,9,1601.56,0.13,12540.21,10970.63,1569.58
258,2023-04-05,South,Furniture,Chair,15,377.32,0.03,5490.01,4549.96,940.05
259,2022-03-26,West,Office Supplies,Laptop,17,597.6,0.21,8025.77,6610.61,1415.16
260,2022-09-29,East,Furniture,Paper,4,1588.88,0.16,5338.64,4557.97,780.67
261,2023-11-21,North,Electronics,Monitor,12,378.6,0.29,3225.67,2516.07,709.6
262,2022-03-23,South,Office Supplies,Printer,5,1836.33,0.07,8538.93,4626.06,3912.87
263,2022-08-25,North,Office Supplies,Chair,5,854.81,0.12,3761.16,2481.01,1280.15
264,2022-09-07,North,Electronics,Laptop,11,183.21,0.16,1692.86,1336.11,356.75
265,2023-04-19,East,Office Supplies,Printer,6,1633.34,0.24,7448.03,4559.19,2888.84
266,2023-07-25,South,Office Supplies,Paper,7,753.28,0.16,4429.29,3432.53,996.76
267,2023-12-12,West,Furniture,Monitor,14,1057.73,0.18,12142.74,6190.36,5952.38
268,2023-07-29,West,Office Supplies,Paper,11,233.49,0.07,2388.6,1486.8,901.8
269,2023-06-05,East,Electronics,Chair,13,15.14,0.25,147.62,106.24,41.38
270,2023-12-11,East,Furniture,Printer,2,1279.59,0.13,2226.49,1676.18,550.31
271,2023-08-16,South,Furniture,Printer,7,1035.2,0.04,6956.54,5083.95,1872.59
272,2022-05-15,West,Electronics,Printer,4,1191.14,0.2,3811.65,2969.67,841.98
273,2022-07-01,West,Electronics,Chair,8,1589.55,0.06,11953.42,6005.82,5947.6
274,2022-08-30,West,Furniture,Chair,19,1296.75,0.03,23899.1,12914.51,10984.59
275,2023-08-14,North,Office Supplies,Paper,13,357.8,0.26,3442.04,2917.4,524.64
276,2023-12-07,West,Furniture,Desk,14,727.94,0.14,8764.4,6772.25,1992.15
277,2023-01-16,North,Electronics,Paper,10,1812.72,0.22,14139.22,7708.32,6430.9
278,2023-04-08,South,Furniture,Monitor,11,1542.19,0.09,15437.32,12918.41,2518.91
279,2023-07-25,North,Electronics,Laptop,2,1117.71,0.24,1698.92,1014.07,684.85
280,2023-08-14,South,Furniture,Printer,9,518.73,0.03,4528.51,3130.58,1397.93
281,2022-12-06,West,Office Supplies,Desk,17,611.1,0.11,9245.94,5159.96,4085.98
282,2023-06-12,West,Furniture,Laptop,3,1466.6,0.29,3123.86,2449.24,674.62
283,2023-01-17,South,Furniture,Desk,6,1703.84,0.24,7769.51,5957.21,1812.3
284,2022-12-28,East,Electronics,Pen,5,1346.14,0.15,5721.1,3343.67,2377.43
285,2023-01-31,South,Electronics,Paper,5,1620.96,0.1,7294.32,6166.33,1127.99
286,2022-02-08,East,Electronics,Chair,15,1535.65,0.26,17045.72,11259.08,5786.64
287,2022-12-03,North,Furniture,Printer,17,307.91,0.16,4396.95,2712.94,1684.01
288,2023-07-11,North,Office Supplies,Paper,9,853.65,0.23,5915.79,3318.35,2597.44
289,2022-01-26,North,Electronics,Laptop,3,314.44,0.23,726.36,440.51,285.85
290,2022-12-01,West,Electronics,Pen,17,478.12,0.01,8046.76,4094.28,3952.48
291,2022-01-20,North,Furniture,Pen,10,1739.83,0.04,16702.37,12247.9,4454.47
292,2022-02-26,East,Electronics,Pen,3,951.06,0.2,2282.54,1910.24,372.3
293,2023-06-21,North,Office Supplies,Laptop,18,1075.36,0.05,18388.66,13232.34,5156.32
294,2022-02-02,South,Office Supplies,Laptop,18,365.11,0.08,6046.22,3553.42,2492.8
295,2022-03-03,South,Electronics,Laptop,17,631.42,0.28,7728.58,3968.38,3760.2
296,2022-10-07,West,Electronics,Laptop,3,468.19,0.17,1165.79,682.98,482.81
297,2023-11-06,South,Furniture,Pen,3,420.31,0.23,970.92,647.07,323.85
298,2023-12-04,East,Office Supplies,Pen,6,1279.54,0.17,6372.11,5122.19,1249.92
299,2022-09-02,North,Office Supplies,Desk,13,521.2,0.17,5623.75,3234.43,2389.32
300,2022-10-22,West,Electronics,Paper,15,1267.71,0.03,18445.18,14533.26,3911.92
301,2023-06-17,North,Furniture,Printer,9,126.32,0.1,1023.19,866.41,156.78
302,2023-07-20,North,Office Supplies,Chair,4,292.13,0.08,1075.04,732.72,342.32
303,2023-08-20,East,Office Supplies,Pen,14,556.34,0.12,6854.11,5679.13,1174.98
304,2022-11-09,South,Furniture,Chair,5,1198.12,0.24,4552.86,3286.54,1266.32
305,2023-04-20,South,Furniture,Paper,2,1354.92,0.11,2411.76,1820.48,591.28
306,2022-09-01,North,Office Supplies,Paper,11,891.01,0.14,8428.95,5988.86,2440.09
307,2022-06-22,West,Office Supplies,Chair,9,897.12,0.12,7105.19,4868.97,2236.22
308,2022-06-05,South,Furniture,Pen,3,1451.79,0.03,4224.71,2508.89,1715.82
309,2022-09-25,West,Office Supplies,Chair,9,41.48,0.13,324.79,201.78,123.01
310,2023-02-06,South,Electronics,Desk,3,688.77,0.06,1942.33,1196.45,745.88
311,2023-10-05,West,Electronics,Monitor,2,1639.23,0.06,3081.75,2235.24,846.51
312,2023-02-11,East,Furniture,Pen,12,1210.41,0.03,14089.17,7720.6,6368.57
313,2023-01-27,West,Furniture,Pen,10,681.08,0.11,6061.61,5253.7,807.91
314,2022-03-25,East,Furniture,Printer,9,1811.99,0.23,12557.09,9898.28,2658.81
315,2023-06-11,East,Electronics,Laptop,15,1547.52,0.08,21355.78,14107.16,7248.62
316,2023-08-09,West,Office Supplies,Monitor,8,537.14,0.09,3910.38,2203.3,1707.08
317,2023-07-08,East,Electronics,Paper,5,1294.13,0.19,5241.23,4469.7,771.53
318,2022-08-09,North,Office Supplies,Pen,11,1195.54,0.06,12361.88,10254.32,2107.56
319,2022-07-20,East,Electronics,Chair,2,808.36,0.27,1180.21,930.82,249.39
320,2022-11-20,South,Office Supplies,Monitor,15,740.24,0.16,9327.02,5676.6,3650.42
321,2023-01-25,West,Electronics,Printer,6,693.69,0.13,3621.06,2393.44,1227.62
322,2022-05-06,North,Furniture,Paper,8,1238.14,0.17,8221.25,4448.51,3772.74
323,2023-07-26,West,Electronics,Laptop,5,890.4,0.05,4229.4,2434.51,1794.89
324,2023-12-23,South,Office Supplies,Laptop,16,1665.41,0.18,21850.18,17768.71,4081.47
325,2023-03-09,South,Electronics,Printer,18,1342.51,0.11,21507.01,16904.84,4602.17
326,2023-09-18,South,Electronics,Printer,6,149.16,0.27,653.32,481.75,171.57
327,2022-03-27,East,Electronics,Chair,5,1283.93,0.05,6098.67,5234.43,864.24
328,2023-01-02,East,Furniture,Pen,16,549.58,0.15,7474.29,5480.95,1993.34
329,2022-03-04,West,Electronics,Laptop,13,1189.7,0.18,12682.2,8709.97,3972.23
330,2023-08-23,West,Furniture,Paper,5,1363.46,0.01,6749.13,4293.45,2455.68
331,2023-12-10,North,Furniture,Monitor,13,469.35,0.11,5430.38,4757.99,672.39
332,2023-11-02,North,Electronics,Paper,17,919.15,0.22,12187.93,6497.22,5690.71
333,2023-04-24,West,Electronics,Desk,18,388.75,0.25,5248.12,4578.22,669.9
334,2022-04-10,East,Electronics,Desk,8,114.15,0.09,831.01,690.31,140.7
335,2022-10-05,South,Office Supplies,Printer,13,763.17,0.24,7540.12,4161.93,3378.19
336,2023-12-02,West,Electronics,Chair,19,732.26,0.29,9878.19,7171.5,2706.69
337,2023-03-02,North,Furniture,Desk,3,1991.01,0.26,4420.04,3742.09,677.95
338,2022-08-11,East,Electronics,Laptop,8,898.24,0.04,6898.48,5027.09,1871.39
339,2023-01-17,West,Office Supplies,Paper,2,673.8,0.22,1051.13,907.0,144.13
340,2023-08-13,West,Electronics,Paper,8,1165.15,0.1,8389.08,7358.85,1030.23
341,2022-08-06,East,Office Supplies,Printer,13,186.65,0.3,1698.52,1136.23,562.29
342,2023-09-20,West,Office Supplies,Pen,13,1923.71,0.15,21257.0,13836.72,7420.28
343,2022-05-08,East,Electronics,Pen,1,1273.57,0.04,1222.63,1069.22,153.41
344,2022-11-26,South,Furniture,Monitor,6,1512.13,0.22,7076.77,5449.51,1627.26
345,2022-10-30,East,Office Supplies,Printer,19,349.25,0.1,5972.18,3263.25,2708.93
346,2023-07-13,East,Electronics,Monitor,16,824.86,0.3,9238.43,4775.5,4462.93
347,2022-11-04,East,Electronics,Pen,8,851.15,0.29,4834.53,3509.15,1325.38
348,2023-08-16,West,Furniture,Printer,1,1645.39,0.2,1316.31,1147.91,168.4
349,2022-09-08,West,Office Supplies,Printer,16,12.46,0.04,191.39,160.33,31.06
350,2022-01-05,East,Office Supplies,Printer,9,608.7,0.21,4327.86,3333.92,993.94
351,2022-02-28,West,Electronics,Pen,13,1962.66,0.03,24749.14,13751.77,10997.37
352,2022-12-17,North,Electronics,Monitor,11,955.02,0.01,10400.17,6257.7,4142.47
353,2023-01-05,North,Furniture,Monitor,13,771.23,0.25,7519.49,6393.1,1126.39
354,2023-02-20,West,Furniture,Printer,10,248.46,0.06,2335.52,1338.54,996.98
355,2023-12-12,West,Office Supplies,Desk,4,1948.59,0.11,6936.98,4241.1,2695.88
356,2022-12-27,East,Office Supplies,Chair,6,49.85,0.29,212.36,117.19,95.17
357,2023-06-29,South,Electronics,Pen,7,1476.99,0.1,9305.04,7169.01,2136.03
358,2023-06-18,West,Office Supplies,Chair,5,1539.51,0.09,7004.77,6147.34,857.43
359,2022-03-28,North,Furniture,Chair,11,494.88,0.28,3919.45,2381.41,1538.04
360,2022-01-20,East,Furniture,Monitor,13,1346.4,0.03,16978.1,11717.65,5260.45
361,2022-10-28,West,Electronics,Monitor,19,194.93,0.23,2851.83,2149.53,702.3
362,2022-11-24,North,Furniture,Desk,10,521.52,0.3,3650.64,3284.8,365.84
363,2023-08-11,North,Furniture,Chair,10,1577.92,0.27,11518.82,6242.32,5276.5
364,2023-03-11,South,Furniture,Chair,11,1730.73,0.2,15230.42,10652.59,4577.83
365,2023-08-20,East,Furniture,Printer,7,1220.89,0.09,7777.07,5086.58,2690.49
366,2022-04-16,East,Electronics,Monitor,18,1018.61,0.08,16868.18,14276.01,2592.17
367,2022-10-19,South,Electronics,Chair,4,327.02,0.25,981.06,677.31,303.75
368,2022-12-13,South,Office Supplies,Paper,2,135.59,0.26,200.67,109.24,91.43
369,2023-10-06,East,Furniture,Desk,14,244.12,0.16,2870.85,2163.96,706.89
370,2023-01-25,East,Office Supplies,Paper,13,462.44,0.07,5590.9,4519.19,1071.71
371,2022-12-29,West,Electronics,Paper,12,689.93,0.03,8030.79,4024.65,4006.14
372,2022-01-02,West,Electronics,Pen,7,768.01,0.03,5214.79,4399.11,815.68
373,2023-05-31,South,Electronics,Pen,2,699.18,0.22,1090.72,626.52,464.2
374,2022-12-29,West,Electronics,Desk,13,485.72,0.13,5493.49,3959.86,1533.63
375,2023-08-26,North,Electronics,Paper,14,1024.35,0.27,10468.86,6975.6,3493.26
376,2023-02-07,West,Electronics,Chair,17,1652.32,0.22,21909.76,17261.86,4647.9
377,2023-07-13,West,Electronics,Monitor,9,566.61,0.06,4793.52,3108.43,1685.09
378,2023-06-01,North,Furniture,Desk,17,1885.35,0.18,26281.78,22284.46,3997.32
379,2022-09-02,South,Office Supplies,Printer,8,1747.94,0.13,12165.66,9637.62,2528.04
380,2023-04-25,North,Electronics,Paper,2,331.91,0.17,550.97,418.23,132.74
381,2023-08-08,West,Furniture,Desk,13,1574.69,0.22,15967.36,13069.22,2898.14
382,2023-09-24,South,Furniture,Laptop,3,1153.43,0.24,2629.82,2108.09,521.73
383,2023-09-15,West,Office Supplies,Laptop,16,1137.48,0.25,13649.76,7021.1,6628.66
384,2022-07-01,North,Electronics,Pen,6,788.18,0.08,4350.75,2862.33,1488.42
385,2023-05-01,North,Office Supplies,Monitor,19,1007.29,0.01,18947.12,16528.01,2419.11
386,2023-08-17,West,Electronics,Chair,7,800.39,0.22,4370.13,2404.84,1965.29
387,2023-01-03,East,Furniture,Monitor,10,1084.07,0.03,10515.48,8358.11,2157.37
388,2023-12-13,East,Furniture,Monitor,9,1259.62,0.09,10316.29,9179.81,1136.48
389,2023-05-22,North,Furniture,Monitor,2,1351.86,0.0,2703.72,1408.31,1295.41
390,2023-02-02,North,Furniture,Monitor,15,1069.64,0.2,12835.68,9920.41,2915.27
391,2023-02-23,East,Office Supplies,Printer,5,1445.63,0.05,6866.74,4719.25,2147.49
392,2023-01-07,East,Electronics,Printer,4,291.14,0.2,931.65,681.66,249.99
393,2022-03-10,West,Electronics,Pen,4,431.85,0.3,1209.18,645.87,563.31
394,2022-08-30,West,Office Supplies,Desk,18,1639.28,0.02,28916.9,14955.9,13961.0
395,2022-05-11,East,Electronics,Laptop,4,651.83,0.02,2555.17,1959.17,596.0
396,2022-01-13,West,Furniture,Monitor,17,55.56,0.1,850.07,704.98,145.09
397,2022-03-13,West,Electronics,Pen,12,316.04,0.26,2806.44,2281.09,525.35
398,2023-07-17,South,Furniture,Desk,17,454.99,0.06,7270.74,5216.92,2053.82
399,2022-08-07,West,Office Supplies,Laptop,10,1915.07,0.11,17044.12,9202.92,7841.2
400,2023-10-22,North,Electronics,Paper,1,1150.35,0.02,1127.34,873.93,253.41
401,2022-07-01,West,Office Supplies,Chair,18,1866.13,0.23,25864.56,15434.82,10429.74
402,2023-05-20,West,Electronics,Printer,18,1154.58,0.12,18288.55,15809.13,2479.42
403,2022-10-11,East,Furniture,Paper,14,963.92,0.23,10391.06,8679.72,1711.34
404,2022-11-27,North,Office Supplies,Laptop,15,634.32,0.27,6945.8,5443.79,1502.01
405,2022-12-17,West,Electronics,Paper,12,1216.68,0.07,13578.15,11942.5,1635.65
406,2022-02-08,West,Furniture,Chair,4,287.0,0.24,872.48,447.21,425.27
407,2023-12-15,South,Office Supplies,Pen,3,1797.54,0.02,5284.77,4198.64,1086.13
408,2022-03-03,West,Office Supplies,Laptop,12,1660.37,0.27,14544.84,9193.75,5351.09
409,2022-11-06,West,Electronics,Paper,7,641.89,0.2,3594.58,3100.06,494.52
410,2023-09-28,South,Electronics,Printer,11,1906.07,0.26,15515.41,9412.74,6102.67
411,2023-03-27,East,Electronics,Printer,1,1652.15,0.0,1652.15,1305.1,347.05
412,2022-02-26,West,Furniture,Desk,6,1335.95,0.05,7614.92,6480.74,1134.18
413,2022-01-12,South,Electronics,Paper,15,252.31,0.12,3330.49,1720.74,1609.75
414,2023-05-21,North,Office Supplies,Monitor,15,961.69,0.11,12838.56,8461.37,4377.19
415,2023-12-01,East,Office Supplies,Paper,19,1017.15,0.07,17973.04,14466.92,3506.12
416,2023-08-07,North,Electronics,Pen,11,472.78,0.11,4628.52,3156.5,1472.02
417,2023-07-11,North,Electronics,Laptop,2,169.13,0.04,324.73,197.08,127.65
418,2023-06-29,South,Office Supplies,Laptop,14,1555.68,0.12,19165.98,11268.1,7897.88
419,2022-03-06,West,Furniture,Pen,2,252.85,0.24,384.33,212.38,171.95
420,2023-11-03,South,Electronics,Paper,4,1192.64,0.14,4102.68,3457.95,644.73
421,2023-10-19,South,Electronics,Pen,17,1873.53,0.01,31531.51,23022.48,8509.03
422,2023-03-28,South,Office Supplies,Chair,3,1753.45,0.13,4576.5,2428.08,2148.42
423,2023-03-05,South,Electronics,Pen,13,562.73,0.01,7242.34,4729.48,2512.86
424,2022-06-22,East,Furniture,Printer,9,1704.38,0.29,10890.99,7047.49,3843.5
425,2023-09-13,West,Office Supplies,Pen,7,10.66,0.04,71.64,41.03,30.61
426,2022-04-23,North,Electronics,Laptop,15,45.2,0.21,535.62,361.12,174.5
427,2022-11-21,North,Office Supplies,Printer,11,1209.08,0.29,9442.91,5975.85,3467.06
428,2022-06-18,West,Electronics,Laptop,2,735.95,0.25,1103.93,702.9,401.03
429,2022-10-14,North,Electronics,Desk,15,779.06,0.21,9231.86,7344.97,1886.89
430,2022-11-25,West,Electronics,Monitor,14,1133.24,0.25,11899.02,7012.16,4886.86
431,2023-05-11,North,Furniture,Laptop,11,391.65,0.29,3058.79,2314.72,744.07
432,2022-05-14,South,Furniture,Printer,3,431.39,0.19,1048.28,763.42,284.86
433,2023-09-13,North,Office Supplies,Desk,17,974.36,0.17,13748.22,9998.21,3750.01
434,2023-06-04,West,Electronics,Laptop,12,1510.96,0.19,14686.53,11238.18,3448.35
435,2022-08-10,West,Electronics,Chair,15,1242.8,0.16,15659.28,11264.55,4394.73
436,2022-03-28,West,Furniture,Pen,16,601.74,0.19,7798.55,6642.04,1156.51
437,2023-05-01,West,Electronics,Monitor,5,866.37,0.13,3768.71,2902.78,865.93
438,2022-04-06,West,Furniture,Laptop,6,349.62,0.07,1950.88,1402.26,548.62
439,2023-12-12,East,Electronics,Desk,19,158.51,0.04,2891.22,2405.22,486.0
440,2022-07-03,East,Office Supplies,Chair,5,1567.57,0.02,7681.09,5702.89,1978.2
441,2023-07-25,North,Electronics,Paper,3,538.12,0.08,1485.21,915.57,569.64
442,2022-11-16,West,Electronics,Desk,1,363.76,0.01,360.12,209.89,150.23
443,2022-10-21,North,Furniture,Pen,6,1386.32,0.17,6903.87,3872.6,3031.27
444,2022-11-30,West,Electronics,Desk,15,1239.92,0.09,16924.91,14551.73,2373.18
445,2023-02-28,West,Electronics,Chair,2,1270.05,0.25,1905.07,1493.68,411.39
446,2022-10-20,East,Furniture,Desk,3,465.5,0.02,1368.57,1197.43,171.14
447,2023-09-29,East,Office Supplies,Chair,17,472.96,0.07,7477.5,5543.2,1934.3
448,2023-10-08,South,Office Supplies,Laptop,12,449.4,0.22,4206.38,2899.71,1306.67
449,2022-08-10,East,Furniture,Chair,18,355.77,0.18,5251.17,2751.02,2500.15
450,2022-05-01,South,Furniture,Chair,15,1314.89,0.02,19328.88,14857.28,4471.6
451,2023-07-06,South,Furniture,Monitor,12,1697.55,0.26,15074.24,11047.66,4026.58
452,2022-07-09,South,Furniture,Chair,16,1451.39,0.26,17184.46,15398.71,1785.75
453,2022-11-04,South,Furniture,Chair,8,1586.27,0.1,11421.14,6803.16,4617.98
454,2022-02-08,South,Office Supplies,Paper,14,815.55,0.1,10275.93,7319.49,2956.44
455,2023-03-07,North,Office Supplies,Laptop,17,1311.61,0.3,15608.16,11868.18,3739.98
456,2022-10-09,East,Furniture,Pen,8,714.93,0.19,4632.75,3510.87,1121.88
457,2022-02-17,South,Electronics,Monitor,15,1055.75,0.16,13302.45,9637.86,3664.59
458,2023-12-23,West,Furniture,Paper,14,968.45,0.25,10168.72,8244.51,1924.21
459,2023-01-31,East,Electronics,Printer,18,362.01,0.09,5929.72,3451.05,2478.67
460,2023-07-12,East,Furniture,Laptop,7,780.29,0.13,4751.97,3755.25,996.72
461,2022-08-06,South,Furniture,Laptop,3,1928.01,0.08,5321.31,3979.77,1341.54
462,2023-10-18,North,Office Supplies,Printer,12,504.67,0.24,4602.59,3951.0,651.59
463,2023-12-20,South,Electronics,Pen,3,276.27,0.17,687.91,577.07,110.84
464,2023-06-17,North,Electronics,Chair,14,842.98,0.2,9441.38,5910.86,3530.52
465,2023-05-30,West,Office Supplies,Paper,15,1582.77,0.08,21842.23,13334.57,8507.66
466,2023-07-07,East,Office Supplies,Desk,14,1168.47,0.07,15213.48,13580.49,1632.99
467,2023-01-07,West,Office Supplies,Monitor,7,1365.14,0.15,8122.58,5774.39,2348.19
468,2023-02-25,North,Office Supplies,Desk,17,387.49,0.22,5138.12,4431.98,706.14
469,2022-07-18,North,Electronics,Printer,12,1241.71,0.16,12516.44,7078.7,5437.74
470,2022-05-07,West,Electronics,Laptop,4,653.77,0.01,2588.93,1960.15,628.78
471,2022-05-01,North,Furniture,Pen,9,1670.26,0.26,11123.93,9165.5,1958.43
472,2022-03-01,West,Furniture,Laptop,6,1262.3,0.02,7422.32,6523.91,898.41
473,2023-09-30,East,Office Supplies,Monitor,16,405.72,0.29,4608.98,2926.41,1682.57
474,2022-09-28,West,Office Supplies,Laptop,2,138.59,0.01,274.41,216.78,57.63
475,2023-11-09,East,Office Supplies,Laptop,8,94.84,0.21,599.39,428.88,170.51
476,2023-12-23,West,Furniture,Monitor,11,749.1,0.02,8075.3,4233.49,3841.81
477,2022-02-23,North,Furniture,Paper,13,539.04,0.27,5115.49,3969.62,1145.87
478,2022-01-11,West,Furniture,Paper,17,1295.72,0.14,18943.43,14700.83,4242.6
479,2023-11-07,North,Furniture,Monitor,8,1003.67,0.04,7708.19,6723.41,984.78
480,2022-07-11,West,Furniture,Pen,18,539.38,0.1,8737.96,6107.18,2630.78
481,2023-11-30,West,Furniture,Printer,18,306.98,0.05,5249.36,3108.15,2141.21
482,2022-06-11,South,Furniture,Laptop,14,263.13,0.05,3499.63,1812.2,1687.43
483,2022-10-02,North,Office Supplies,Pen,15,1730.67,0.28,18691.24,12453.17,6238.07
484,2022-09-28,South,Office Supplies,Laptop,6,494.52,0.13,2581.39,1602.44,978.95
485,2022-10-03,North,Office Supplies,Printer,11,1306.9,0.24,10925.68,8789.0,2136.68
486,2023-04-29,South,Office Supplies,Paper,13,1623.26,0.19,17092.93,10968.65,6124.28
487,2023-10-29,East,Furniture,Pen,1,1232.02,0.2,985.62,866.98,118.64
488,2022-08-09,West,Electronics,Chair,6,1720.53,0.04,9910.25,8769.82,1140.43
489,2023-12-06,North,Furniture,Chair,9,790.86,0.07,6619.5,4953.79,1665.71
490,2022-06-06,North,Electronics,Chair,8,1912.88,0.24,11630.31,10135.4,1494.91
491,2023-04-22,West,Office Supplies,Paper,11,274.96,0.29,2147.44,1727.28,420.16
492,2023-06-13,North,Furniture,Paper,19,213.28,0.08,3728.13,2679.57,1048.56
493,2022-07-06,North,Office Supplies,Printer,9,1320.8,0.08,10936.22,6256.86,4679.36
494,2022-08-28,South,Furniture,Laptop,17,1886.23,0.14,27576.68,18846.98,8729.7
495,2023-01-21,North,Office Supplies,Printer,12,1619.68,0.3,13605.31,9855.0,3750.31
496,2023-05-19,East,Electronics,Printer,14,162.07,0.08,2087.46,1765.12,322.34
497,2022-02-06,East,Electronics,Paper,15,565.94,0.12,7470.41,5173.51,2296.9
498,2022-01-05,West,Electronics,Chair,16,1861.33,0.27,21740.33,18676.46,3063.87
499,2022-07-23,North,Furniture,Desk,1,513.59,0.0,513.59,395.33,118.26
500,2022-09-09,West,Electronics,Laptop,10,1564.53,0.01,15488.85,8593.21,6895.64
